user_id,Name,Email
101,Riya,riya@gmail.com
102,Aman,aman
103,Akash,akash@gmail.com
101,Riya,riya@gmail.com
104,Rahul,rahul@email.com
105,Abhinav,abhi.nav@gmail.com
106,Adhitya,aadi@
107,Gagan,gagan@gmail.com
108,Ashi,ashi@gmail.com
109,Aakanksha,ashu
107,Gagan,gagan@gmail.com
110,Akhil,akhil@gmail.com
105,Abhinav,abhi.nav@gmail.com
